medicao,timestamp,so,ram_total_gb,ram_disponivel_gb,ram_usada_gb,uso_percent,num_processos,top1_nome,top1_pid,top1_ram_mb,top2_nome,top2_pid,top2_ram_mb,top3_nome,top3_pid,top3_ram_mb
1,2026-05-09 15:52:00,Windows 10.0.26200,15.73,10.48,5.25,33.4,220,MsMpEng.exe,5420,352.4,explorer.exe,9080,280.9,MicrosoftSecurityApp.exe,8020,262.2
2,2026-05-09 15:52:21,Windows 10.0.26200,15.73,10.57,5.16,32.8,218,MsMpEng.exe,5420,346.2,explorer.exe,9080,280.7,MicrosoftSecurityApp.exe,8020,262.1
3,2026-05-09 15:52:41,Windows 10.0.26200,15.73,10.58,5.15,32.8,217,MsMpEng.exe,5420,344.8,explorer.exe,9080,280.1,MicrosoftSecurityApp.exe,8020,262.0
4,2026-05-09 15:53:01,Windows 10.0.26200,15.73,10.63,5.1,32.4,219,MsMpEng.exe,5420,335.7,explorer.exe,9080,275.6,MicrosoftSecurityApp.exe,8020,254.1
5,2026-05-09 15:53:21,Windows 10.0.26200,15.73,10.63,5.1,32.4,219,MsMpEng.exe,5420,335.0,explorer.exe,9080,275.6,MicrosoftSecurityApp.exe,8020,254.1
6,2026-05-09 15:53:41,Windows 10.0.26200,15.73,10.64,5.09,32.3,218,MsMpEng.exe,5420,334.9,explorer.exe,9080,274.8,MicrosoftSecurityApp.exe,8020,254.1
7,2026-05-09 15:54:02,Windows 10.0.26200,15.73,10.66,5.07,32.2,215,MsMpEng.exe,5420,335.5,explorer.exe,9080,275.5,MicrosoftSecurityApp.exe,8020,253.8
8,2026-05-09 15:54:22,Windows 10.0.26200,15.73,10.65,5.08,32.3,215,MsMpEng.exe,5420,348.1,explorer.exe,9080,275.5,MicrosoftSecurityApp.exe,8020,254.1
9,2026-05-09 15:54:42,Windows 10.0.26200,15.73,10.68,5.05,32.1,213,MsMpEng.exe,5420,351.7,explorer.exe,9080,275.1,MicrosoftSecurityApp.exe,8020,253.7
10,2026-05-09 15:55:02,Windows 10.0.26200,15.73,10.7,5.03,32.0,211,MsMpEng.exe,5420,352.4,explorer.exe,9080,273.5,MicrosoftSecurityApp.exe,8020,254.0
11,2026-05-09 15:55:22,Windows 10.0.26200,15.73,10.7,5.03,32.0,209,MsMpEng.exe,5420,324.3,explorer.exe,9080,273.5,MicrosoftSecurityApp.exe,8020,253.7
12,2026-05-09 15:55:42,Windows 10.0.26200,15.73,10.71,5.02,31.9,209,MsMpEng.exe,5420,324.0,explorer.exe,9080,273.4,MicrosoftSecurityApp.exe,8020,254.1
13,2026-05-09 15:56:03,Windows 10.0.26200,15.73,10.7,5.04,32.0,210,MsMpEng.exe,5420,331.1,explorer.exe,9080,274.2,MicrosoftSecurityApp.exe,8020,254.1
14,2026-05-09 15:56:23,Windows 10.0.26200,15.73,10.73,5.0,31.8,209,MsMpEng.exe,5420,321.7,explorer.exe,9080,274.2,MicrosoftSecurityApp.exe,8020,254.1
15,2026-05-09 15:56:43,Windows 10.0.26200,15.73,10.74,4.99,31.7,208,MsMpEng.exe,5420,321.8,explorer.exe,9080,273.9,MicrosoftSecurityApp.exe,8020,254.4
16,2026-05-09 15:57:03,Windows 10.0.26200,15.73,10.77,4.96,31.6,208,MsMpEng.exe,5420,335.8,explorer.exe,9080,274.2,MicrosoftSecurityApp.exe,8020,254.9
17,2026-05-09 15:57:23,Windows 10.0.26200,15.73,10.72,5.01,31.9,209,MsMpEng.exe,5420,363.7,explorer.exe,9080,279.9,MicrosoftSecurityApp.exe,8020,254.8
18,2026-05-09 15:57:44,Windows 10.0.26200,15.73,10.72,5.01,31.9,209,MsMpEng.exe,5420,330.1,explorer.exe,9080,278.9,MicrosoftSecurityApp.exe,8020,254.3
19,2026-05-09 15:58:04,Windows 10.0.26200,15.73,10.56,5.17,32.9,218,MsMpEng.exe,5420,366.4,explorer.exe,9080,276.7,MicrosoftSecurityApp.exe,8020,255.0
20,2026-05-09 15:58:24,Windows 10.0.26200,15.73,10.66,5.07,32.3,215,MsMpEng.exe,5420,364.7,explorer.exe,9080,276.7,MicrosoftSecurityApp.exe,8020,255.0
21,2026-05-09 15:58:44,Windows 10.0.26200,15.73,10.44,5.29,33.6,220,MsMpEng.exe,5420,413.0,explorer.exe,9080,281.6,MicrosoftSecurityApp.exe,8020,255.9
22,2026-05-09 15:59:05,Windows 10.0.26200,15.73,10.36,5.37,34.2,218,MsMpEng.exe,5420,458.3,explorer.exe,9080,281.7,MicrosoftSecurityApp.exe,8020,256.9
23,2026-05-09 15:59:25,Windows 10.0.26200,15.73,10.31,5.42,34.5,223,MsMpEng.exe,5420,471.7,explorer.exe,9080,281.7,MicrosoftSecurityApp.exe,8020,257.2
24,2026-05-09 15:59:45,Windows 10.0.26200,15.73,8.88,6.85,43.6,228,MsMpEng.exe,5420,458.0,explorer.exe,9080,281.6,MicrosoftSecurityApp.exe,8020,256.7
25,2026-05-09 16:00:06,Windows 10.0.26200,15.73,8.73,7.0,44.5,223,MsMpEng.exe,5420,477.9,explorer.exe,9080,281.4,MicrosoftSecurityApp.exe,8020,256.1
26,2026-05-09 16:00:26,Windows 10.0.26200,15.73,8.76,6.97,44.3,220,MsMpEng.exe,5420,461.9,explorer.exe,9080,281.3,MicrosoftSecurityApp.exe,8020,255.8
27,2026-05-09 16:00:46,Windows 10.0.26200,15.73,8.77,6.97,44.3,220,MsMpEng.exe,5420,463.7,explorer.exe,9080,281.2,MicrosoftSecurityApp.exe,8020,255.4
28,2026-05-09 16:01:06,Windows 10.0.26200,15.73,8.78,6.95,44.2,218,MsMpEng.exe,5420,434.6,explorer.exe,9080,281.2,MicrosoftSecurityApp.exe,8020,255.8
29,2026-05-09 16:01:27,Windows 10.0.26200,15.73,8.78,6.95,44.2,217,MsMpEng.exe,5420,452.9,explorer.exe,9080,281.2,MicrosoftSecurityApp.exe,8020,255.8
30,2026-05-09 16:01:47,Windows 10.0.26200,15.73,8.74,6.99,44.4,218,MsMpEng.exe,5420,459.4,explorer.exe,9080,281.2,MicrosoftSecurityApp.exe,8020,258.7
