pessoa,so_label,experimento,medicao,timestamp,uso_percent,ram_usada_gb,ram_total_gb,num_processos,top1_nome,top1_ram_mb
carolina,Ubuntu 24.04,experimento_20260509_113430,1,2026-05-09 11:34:31,15.4,1.76,15.35,355,mysqld,389.4
carolina,Ubuntu 24.04,experimento_20260509_113430,2,2026-05-09 11:34:51,15.6,1.77,15.35,354,mysqld,389.4
carolina,Ubuntu 24.04,experimento_20260509_113430,3,2026-05-09 11:35:11,15.6,1.77,15.35,354,mysqld,389.4
carolina,Ubuntu 24.04,experimento_20260509_113430,4,2026-05-09 11:35:31,15.6,1.77,15.35,354,mysqld,389.4
carolina,Ubuntu 24.04,experimento_20260509_113430,5,2026-05-09 11:35:51,15.5,1.76,15.35,354,mysqld,389.4
carolina,Ubuntu 24.04,experimento_20260509_113430,6,2026-05-09 11:36:11,15.5,1.76,15.35,355,mysqld,389.4
carolina,Ubuntu 24.04,experimento_20260509_113430,7,2026-05-09 11:36:31,15.5,1.76,15.35,353,mysqld,389.4
carolina,Ubuntu 24.04,experimento_20260509_113430,8,2026-05-09 11:36:51,15.5,1.76,15.35,325,mysqld,389.4
carolina,Ubuntu 24.04,experimento_20260509_113430,9,2026-05-09 11:37:11,15.5,1.76,15.35,325,mysqld,389.4
carolina,Ubuntu 24.04,experimento_20260509_113430,10,2026-05-09 11:37:31,15.5,1.76,15.35,325,mysqld,389.4
carolina,Ubuntu 24.04,experimento_20260509_113430,11,2026-05-09 11:37:51,15.5,1.76,15.35,325,mysqld,389.4
carolina,Ubuntu 24.04,experimento_20260509_113430,12,2026-05-09 11:38:11,15.5,1.76,15.35,325,mysqld,389.4
carolina,Ubuntu 24.04,experimento_20260509_113430,13,2026-05-09 11:38:31,15.4,1.76,15.35,325,mysqld,389.4
carolina,Ubuntu 24.04,experimento_20260509_113430,14,2026-05-09 11:38:51,15.4,1.76,15.35,317,mysqld,389.4
carolina,Ubuntu 24.04,experimento_20260509_113430,15,2026-05-09 11:39:11,15.4,1.75,15.35,317,mysqld,389.4
carolina,Ubuntu 24.04,experimento_20260509_113430,16,2026-05-09 11:39:31,15.4,1.75,15.35,317,mysqld,389.4
carolina,Ubuntu 24.04,experimento_20260509_113430,17,2026-05-09 11:39:51,15.4,1.76,15.35,316,mysqld,389.4
carolina,Ubuntu 24.04,experimento_20260509_113430,18,2026-05-09 11:40:11,15.5,1.76,15.35,318,mysqld,389.4
carolina,Ubuntu 24.04,experimento_20260509_113430,19,2026-05-09 11:40:31,15.5,1.77,15.35,318,mysqld,389.4
carolina,Ubuntu 24.04,experimento_20260509_113430,20,2026-05-09 11:40:51,15.5,1.77,15.35,318,mysqld,389.4
carolina,Ubuntu 24.04,experimento_20260509_113430,21,2026-05-09 11:41:11,15.5,1.77,15.35,318,mysqld,389.4
carolina,Ubuntu 24.04,experimento_20260509_113430,22,2026-05-09 11:41:31,15.5,1.77,15.35,318,mysqld,389.4
carolina,Ubuntu 24.04,experimento_20260509_113430,23,2026-05-09 11:41:51,15.5,1.77,15.35,318,mysqld,389.4
carolina,Ubuntu 24.04,experimento_20260509_113430,24,2026-05-09 11:42:11,15.4,1.76,15.35,318,mysqld,389.4
carolina,Ubuntu 24.04,experimento_20260509_113430,25,2026-05-09 11:42:31,15.4,1.76,15.35,318,mysqld,389.4
carolina,Ubuntu 24.04,experimento_20260509_113430,26,2026-05-09 11:42:51,15.5,1.76,15.35,318,mysqld,389.4
carolina,Ubuntu 24.04,experimento_20260509_113430,27,2026-05-09 11:43:11,15.5,1.77,15.35,318,mysqld,389.4
carolina,Ubuntu 24.04,experimento_20260509_113430,28,2026-05-09 11:43:31,15.5,1.77,15.35,318,mysqld,389.4
carolina,Ubuntu 24.04,experimento_20260509_113430,29,2026-05-09 11:43:51,15.5,1.76,15.35,318,mysqld,389.4
carolina,Ubuntu 24.04,experimento_20260509_113430,30,2026-05-09 11:44:11,15.5,1.76,15.35,318,mysqld,389.4
carolina,Windows 11,experimento_20260509_155159,1,2026-05-09 15:52:00,33.4,5.25,15.73,220,MsMpEng.exe,352.4
carolina,Windows 11,experimento_20260509_155159,2,2026-05-09 15:52:21,32.8,5.16,15.73,218,MsMpEng.exe,346.2
carolina,Windows 11,experimento_20260509_155159,3,2026-05-09 15:52:41,32.8,5.15,15.73,217,MsMpEng.exe,344.8
carolina,Windows 11,experimento_20260509_155159,4,2026-05-09 15:53:01,32.4,5.1,15.73,219,MsMpEng.exe,335.7
carolina,Windows 11,experimento_20260509_155159,5,2026-05-09 15:53:21,32.4,5.1,15.73,219,MsMpEng.exe,335.0
carolina,Windows 11,experimento_20260509_155159,6,2026-05-09 15:53:41,32.3,5.09,15.73,218,MsMpEng.exe,334.9
carolina,Windows 11,experimento_20260509_155159,7,2026-05-09 15:54:02,32.2,5.07,15.73,215,MsMpEng.exe,335.5
carolina,Windows 11,experimento_20260509_155159,8,2026-05-09 15:54:22,32.3,5.08,15.73,215,MsMpEng.exe,348.1
carolina,Windows 11,experimento_20260509_155159,9,2026-05-09 15:54:42,32.1,5.05,15.73,213,MsMpEng.exe,351.7
carolina,Windows 11,experimento_20260509_155159,10,2026-05-09 15:55:02,32.0,5.03,15.73,211,MsMpEng.exe,352.4
carolina,Windows 11,experimento_20260509_155159,11,2026-05-09 15:55:22,32.0,5.03,15.73,209,MsMpEng.exe,324.3
carolina,Windows 11,experimento_20260509_155159,12,2026-05-09 15:55:42,31.9,5.02,15.73,209,MsMpEng.exe,324.0
carolina,Windows 11,experimento_20260509_155159,13,2026-05-09 15:56:03,32.0,5.04,15.73,210,MsMpEng.exe,331.1
carolina,Windows 11,experimento_20260509_155159,14,2026-05-09 15:56:23,31.8,5.0,15.73,209,MsMpEng.exe,321.7
carolina,Windows 11,experimento_20260509_155159,15,2026-05-09 15:56:43,31.7,4.99,15.73,208,MsMpEng.exe,321.8
carolina,Windows 11,experimento_20260509_155159,16,2026-05-09 15:57:03,31.6,4.96,15.73,208,MsMpEng.exe,335.8
carolina,Windows 11,experimento_20260509_155159,17,2026-05-09 15:57:23,31.9,5.01,15.73,209,MsMpEng.exe,363.7
carolina,Windows 11,experimento_20260509_155159,18,2026-05-09 15:57:44,31.9,5.01,15.73,209,MsMpEng.exe,330.1
carolina,Windows 11,experimento_20260509_155159,19,2026-05-09 15:58:04,32.9,5.17,15.73,218,MsMpEng.exe,366.4
carolina,Windows 11,experimento_20260509_155159,20,2026-05-09 15:58:24,32.3,5.07,15.73,215,MsMpEng.exe,364.7
carolina,Windows 11,experimento_20260509_155159,21,2026-05-09 15:58:44,33.6,5.29,15.73,220,MsMpEng.exe,413.0
carolina,Windows 11,experimento_20260509_155159,22,2026-05-09 15:59:05,34.2,5.37,15.73,218,MsMpEng.exe,458.3
carolina,Windows 11,experimento_20260509_155159,23,2026-05-09 15:59:25,34.5,5.42,15.73,223,MsMpEng.exe,471.7
carolina,Windows 11,experimento_20260509_155159,24,2026-05-09 15:59:45,43.6,6.85,15.73,228,MsMpEng.exe,458.0
carolina,Windows 11,experimento_20260509_155159,25,2026-05-09 16:00:06,44.5,7.0,15.73,223,MsMpEng.exe,477.9
carolina,Windows 11,experimento_20260509_155159,26,2026-05-09 16:00:26,44.3,6.97,15.73,220,MsMpEng.exe,461.9
carolina,Windows 11,experimento_20260509_155159,27,2026-05-09 16:00:46,44.3,6.97,15.73,220,MsMpEng.exe,463.7
carolina,Windows 11,experimento_20260509_155159,28,2026-05-09 16:01:06,44.2,6.95,15.73,218,MsMpEng.exe,434.6
carolina,Windows 11,experimento_20260509_155159,29,2026-05-09 16:01:27,44.2,6.95,15.73,217,MsMpEng.exe,452.9
carolina,Windows 11,experimento_20260509_155159,30,2026-05-09 16:01:47,44.4,6.99,15.73,218,MsMpEng.exe,459.4
luiza,Ubuntu 24.04,experimento_20260509_180813,1,2026-05-09 18:08:14,27.2,2.04,7.5,325,mysqld,320.5
luiza,Ubuntu 24.04,experimento_20260509_180813,2,2026-05-09 18:08:34,23.9,1.79,7.5,324,mysqld,320.5
luiza,Ubuntu 24.04,experimento_20260509_180813,3,2026-05-09 18:08:54,23.9,1.79,7.5,324,mysqld,320.5
luiza,Ubuntu 24.04,experimento_20260509_180813,4,2026-05-09 18:09:15,23.9,1.79,7.5,324,mysqld,320.5
luiza,Ubuntu 24.04,experimento_20260509_180813,5,2026-05-09 18:09:35,23.8,1.79,7.5,284,mysqld,320.5
luiza,Ubuntu 24.04,experimento_20260509_180813,6,2026-05-09 18:09:55,23.9,1.79,7.5,276,mysqld,320.5
luiza,Ubuntu 24.04,experimento_20260509_180813,7,2026-05-09 18:10:15,23.9,1.79,7.5,273,mysqld,320.5
luiza,Ubuntu 24.04,experimento_20260509_180813,8,2026-05-09 18:10:35,24.0,1.8,7.5,273,mysqld,320.5
luiza,Ubuntu 24.04,experimento_20260509_180813,9,2026-05-09 18:10:55,23.9,1.79,7.5,271,mysqld,320.5
luiza,Ubuntu 24.04,experimento_20260509_180813,10,2026-05-09 18:11:15,23.9,1.79,7.5,271,mysqld,320.5
luiza,Ubuntu 24.04,experimento_20260509_180813,11,2026-05-09 18:11:35,23.8,1.79,7.5,271,mysqld,320.5
luiza,Ubuntu 24.04,experimento_20260509_180813,12,2026-05-09 18:11:55,23.8,1.79,7.5,271,mysqld,320.5
luiza,Ubuntu 24.04,experimento_20260509_180813,13,2026-05-09 18:12:15,23.8,1.78,7.5,271,mysqld,320.5
luiza,Ubuntu 24.04,experimento_20260509_180813,14,2026-05-09 18:12:35,23.8,1.79,7.5,271,mysqld,320.5
luiza,Ubuntu 24.04,experimento_20260509_180813,15,2026-05-09 18:12:55,23.8,1.79,7.5,271,mysqld,320.5
luiza,Ubuntu 24.04,experimento_20260509_180813,16,2026-05-09 18:13:15,23.9,1.79,7.5,268,mysqld,320.5
luiza,Ubuntu 24.04,experimento_20260509_180813,17,2026-05-09 18:13:35,23.8,1.79,7.5,268,mysqld,320.5
luiza,Ubuntu 24.04,experimento_20260509_180813,18,2026-05-09 18:13:55,23.9,1.79,7.5,268,mysqld,320.5
luiza,Ubuntu 24.04,experimento_20260509_180813,19,2026-05-09 18:14:15,23.8,1.79,7.5,268,mysqld,320.5
luiza,Ubuntu 24.04,experimento_20260509_180813,20,2026-05-09 18:14:36,23.8,1.79,7.5,268,mysqld,320.5
luiza,Ubuntu 24.04,experimento_20260509_180813,21,2026-05-09 18:14:56,23.8,1.79,7.5,268,mysqld,320.5
luiza,Ubuntu 24.04,experimento_20260509_180813,22,2026-05-09 18:15:16,23.7,1.78,7.5,269,mysqld,320.5
luiza,Ubuntu 24.04,experimento_20260509_180813,23,2026-05-09 18:15:36,23.8,1.78,7.5,269,mysqld,320.5
luiza,Ubuntu 24.04,experimento_20260509_180813,24,2026-05-09 18:15:56,23.9,1.79,7.5,268,mysqld,320.5
luiza,Ubuntu 24.04,experimento_20260509_180813,25,2026-05-09 18:16:16,23.9,1.79,7.5,268,mysqld,320.5
luiza,Ubuntu 24.04,experimento_20260509_180813,26,2026-05-09 18:16:36,23.8,1.79,7.5,268,mysqld,320.5
luiza,Ubuntu 24.04,experimento_20260509_180813,27,2026-05-09 18:16:56,23.8,1.78,7.5,268,mysqld,320.5
luiza,Ubuntu 24.04,experimento_20260509_180813,28,2026-05-09 18:17:16,23.7,1.78,7.5,268,mysqld,320.5
luiza,Ubuntu 24.04,experimento_20260509_180813,29,2026-05-09 18:17:36,23.8,1.79,7.5,269,mysqld,320.5
luiza,Ubuntu 24.04,experimento_20260509_180813,30,2026-05-09 18:17:56,23.8,1.78,7.5,269,mysqld,320.5
luiza,Windows 11,experimento_20260509_231828,1,2026-05-09 23:18:29,66.6,5.22,7.84,214,TiWorker.exe,819.2
luiza,Windows 11,experimento_20260509_231828,2,2026-05-09 23:18:50,63.3,4.96,7.84,214,TiWorker.exe,893.5
luiza,Windows 11,experimento_20260509_231828,3,2026-05-09 23:19:10,63.8,5.0,7.84,212,TiWorker.exe,907.8
luiza,Windows 11,experimento_20260509_231828,4,2026-05-09 23:19:30,64.3,5.04,7.84,212,TiWorker.exe,918.2
luiza,Windows 11,experimento_20260509_231828,5,2026-05-09 23:19:50,64.9,5.09,7.84,209,TiWorker.exe,931.2
luiza,Windows 11,experimento_20260509_231828,6,2026-05-09 23:20:11,65.1,5.1,7.84,207,TiWorker.exe,947.8
luiza,Windows 11,experimento_20260509_231828,7,2026-05-09 23:20:31,66.0,5.17,7.84,207,TiWorker.exe,959.3
luiza,Windows 11,experimento_20260509_231828,8,2026-05-09 23:20:51,66.5,5.21,7.84,207,TiWorker.exe,1005.4
luiza,Windows 11,experimento_20260509_231828,9,2026-05-09 23:21:11,66.8,5.23,7.84,206,TiWorker.exe,1005.4
luiza,Windows 11,experimento_20260509_231828,10,2026-05-09 23:21:31,66.9,5.24,7.84,205,TiWorker.exe,1006.8
luiza,Windows 11,experimento_20260509_231828,11,2026-05-09 23:21:52,66.9,5.24,7.84,204,TiWorker.exe,1007.1
luiza,Windows 11,experimento_20260509_231828,12,2026-05-09 23:22:12,62.3,4.88,7.84,204,TiWorker.exe,772.6
luiza,Windows 11,experimento_20260509_231828,13,2026-05-09 23:22:32,62.8,4.92,7.84,204,TiWorker.exe,773.0
luiza,Windows 11,experimento_20260509_231828,14,2026-05-09 23:22:52,62.9,4.93,7.84,204,TiWorker.exe,773.0
luiza,Windows 11,experimento_20260509_231828,15,2026-05-09 23:23:12,62.9,4.93,7.84,204,TiWorker.exe,773.0
luiza,Windows 11,experimento_20260509_231828,16,2026-05-09 23:23:33,62.8,4.92,7.84,203,TiWorker.exe,773.0
luiza,Windows 11,experimento_20260509_231828,17,2026-05-09 23:23:53,62.8,4.92,7.84,203,TiWorker.exe,773.8
luiza,Windows 11,experimento_20260509_231828,18,2026-05-09 23:24:13,63.1,4.95,7.84,206,TiWorker.exe,773.8
luiza,Windows 11,experimento_20260509_231828,19,2026-05-09 23:24:33,63.0,4.93,7.84,201,TiWorker.exe,773.8
luiza,Windows 11,experimento_20260509_231828,20,2026-05-09 23:24:53,62.8,4.92,7.84,201,TiWorker.exe,774.2
luiza,Windows 11,experimento_20260509_231828,21,2026-05-09 23:25:14,71.9,5.63,7.84,202,TiWorker.exe,1379.5
luiza,Windows 11,experimento_20260509_231828,22,2026-05-09 23:25:34,73.4,5.75,7.84,209,TiWorker.exe,1382.8
luiza,Windows 11,experimento_20260509_231828,23,2026-05-09 23:25:54,81.8,6.41,7.84,208,TiWorker.exe,1400.0
luiza,Windows 11,experimento_20260509_231828,24,2026-05-09 23:26:15,65.6,5.14,7.84,205,TiWorker.exe,907.9
luiza,Windows 11,experimento_20260509_231828,25,2026-05-09 23:26:35,65.3,5.12,7.84,203,TiWorker.exe,947.4
luiza,Windows 11,experimento_20260509_231828,26,2026-05-09 23:26:55,62.0,4.86,7.84,203,TiWorker.exe,695.0
luiza,Windows 11,experimento_20260509_231828,27,2026-05-09 23:27:16,60.4,4.73,7.84,204,TiWorker.exe,749.5
luiza,Windows 11,experimento_20260509_231828,28,2026-05-09 23:27:36,60.0,4.7,7.84,204,TiWorker.exe,752.3
luiza,Windows 11,experimento_20260509_231828,29,2026-05-09 23:27:56,59.8,4.69,7.84,204,TiWorker.exe,754.6
luiza,Windows 11,experimento_20260509_231828,30,2026-05-09 23:28:16,60.1,4.71,7.84,204,TiWorker.exe,755.3
nic,Fedora 44,experimento_20260509_115109,1,2026-05-09 11:51:11,15.9,2.4,15.13,465,dnf5daemon-server,259.4
nic,Fedora 44,experimento_20260509_115109,2,2026-05-09 11:51:31,15.7,2.37,15.13,464,dnf5daemon-server,259.4
nic,Fedora 44,experimento_20260509_115109,3,2026-05-09 11:51:51,15.6,2.36,15.13,464,dnf5daemon-server,259.4
nic,Fedora 44,experimento_20260509_115109,4,2026-05-09 11:52:11,15.5,2.35,15.13,430,dnf5daemon-server,259.4
nic,Fedora 44,experimento_20260509_115109,5,2026-05-09 11:52:31,15.0,2.27,15.13,430,gnome-shell,247.0
nic,Fedora 44,experimento_20260509_115109,6,2026-05-09 11:52:51,15.0,2.27,15.13,423,gnome-shell,247.0
nic,Fedora 44,experimento_20260509_115109,7,2026-05-09 11:53:11,15.0,2.27,15.13,422,gnome-shell,247.0
nic,Fedora 44,experimento_20260509_115109,8,2026-05-09 11:53:31,15.9,2.4,15.13,415,gnome-shell,247.5
nic,Fedora 44,experimento_20260509_115109,9,2026-05-09 11:53:51,15.8,2.39,15.13,412,gnome-shell,247.5
nic,Fedora 44,experimento_20260509_115109,10,2026-05-09 11:54:11,15.8,2.39,15.13,415,gnome-shell,247.4
nic,Fedora 44,experimento_20260509_115109,11,2026-05-09 11:54:31,15.7,2.37,15.13,414,gnome-shell,247.5
nic,Fedora 44,experimento_20260509_115109,12,2026-05-09 11:54:51,15.7,2.37,15.13,417,gnome-shell,247.5
nic,Fedora 44,experimento_20260509_115109,13,2026-05-09 11:55:11,15.7,2.37,15.13,417,gnome-shell,247.4
nic,Fedora 44,experimento_20260509_115109,14,2026-05-09 11:55:31,15.7,2.37,15.13,414,gnome-shell,247.4
nic,Fedora 44,experimento_20260509_115109,15,2026-05-09 11:55:51,15.7,2.37,15.13,415,gnome-shell,247.5
nic,Fedora 44,experimento_20260509_115109,16,2026-05-09 11:56:11,15.7,2.37,15.13,415,gnome-shell,247.4
nic,Fedora 44,experimento_20260509_115109,17,2026-05-09 11:56:31,15.7,2.38,15.13,421,gnome-shell,247.8
nic,Fedora 44,experimento_20260509_115109,18,2026-05-09 11:56:51,15.7,2.38,15.13,423,gnome-shell,247.9
nic,Fedora 44,experimento_20260509_115109,19,2026-05-09 11:57:11,15.9,2.41,15.13,422,gnome-shell,248.2
nic,Fedora 44,experimento_20260509_115109,20,2026-05-09 11:57:31,16.0,2.43,15.13,419,gnome-shell,248.2
nic,Fedora 44,experimento_20260509_115109,21,2026-05-09 11:57:51,16.0,2.43,15.13,418,gnome-shell,248.7
nic,Fedora 44,experimento_20260509_115109,22,2026-05-09 11:58:11,16.0,2.43,15.13,419,gnome-shell,248.5
nic,Fedora 44,experimento_20260509_115109,23,2026-05-09 11:58:31,15.8,2.39,15.13,419,gnome-shell,248.7
nic,Fedora 44,experimento_20260509_115109,24,2026-05-09 11:58:51,15.7,2.38,15.13,417,gnome-shell,248.7
nic,Fedora 44,experimento_20260509_115109,25,2026-05-09 11:59:11,15.7,2.38,15.13,405,gnome-shell,248.7
nic,Fedora 44,experimento_20260509_115109,26,2026-05-09 11:59:31,15.7,2.38,15.13,406,gnome-shell,248.7
nic,Fedora 44,experimento_20260509_115109,27,2026-05-09 11:59:51,15.7,2.38,15.13,405,gnome-shell,248.7
nic,Fedora 44,experimento_20260509_115109,28,2026-05-09 12:00:11,15.7,2.38,15.13,405,gnome-shell,248.7
nic,Fedora 44,experimento_20260509_115109,29,2026-05-09 12:00:31,15.8,2.38,15.13,405,gnome-shell,248.7
nic,Fedora 44,experimento_20260509_115109,30,2026-05-09 12:00:51,15.8,2.38,15.13,405,gnome-shell,248.8
nic,Windows 11,experimento_20260509_123750,1,2026-05-09 12:37:51,40.0,6.22,15.53,197,dwm.exe,361.2
nic,Windows 11,experimento_20260509_123750,2,2026-05-09 12:38:11,39.9,6.19,15.53,195,dwm.exe,356.4
nic,Windows 11,experimento_20260509_123750,3,2026-05-09 12:38:32,39.9,6.19,15.53,195,dwm.exe,356.3
nic,Windows 11,experimento_20260509_123750,4,2026-05-09 12:38:52,39.9,6.19,15.53,194,dwm.exe,356.3
nic,Windows 11,experimento_20260509_123750,5,2026-05-09 12:39:12,39.8,6.18,15.53,194,dwm.exe,356.3
nic,Windows 11,experimento_20260509_123750,6,2026-05-09 12:39:32,40.2,6.25,15.53,200,dwm.exe,356.3
nic,Windows 11,experimento_20260509_123750,7,2026-05-09 12:39:53,40.2,6.24,15.53,200,dwm.exe,356.4
nic,Windows 11,experimento_20260509_123750,8,2026-05-09 12:40:13,40.2,6.24,15.53,200,dwm.exe,356.4
nic,Windows 11,experimento_20260509_123750,9,2026-05-09 12:40:33,39.6,6.16,15.53,196,dwm.exe,356.4
nic,Windows 11,experimento_20260509_123750,10,2026-05-09 12:40:53,39.6,6.15,15.53,194,dwm.exe,356.4
nic,Windows 11,experimento_20260509_123750,11,2026-05-09 12:41:13,39.6,6.15,15.53,194,dwm.exe,356.4
nic,Windows 11,experimento_20260509_123750,12,2026-05-09 12:41:34,39.6,6.15,15.53,194,dwm.exe,356.5
nic,Windows 11,experimento_20260509_123750,13,2026-05-09 12:41:54,39.6,6.14,15.53,194,dwm.exe,356.6
nic,Windows 11,experimento_20260509_123750,14,2026-05-09 12:42:14,39.5,6.14,15.53,193,dwm.exe,356.5
nic,Windows 11,experimento_20260509_123750,15,2026-05-09 12:42:34,39.2,6.09,15.53,193,dwm.exe,353.4
nic,Windows 11,experimento_20260509_123750,16,2026-05-09 12:42:55,39.2,6.09,15.53,193,dwm.exe,353.5
nic,Windows 11,experimento_20260509_123750,17,2026-05-09 12:43:15,41.2,6.4,15.53,211,dwm.exe,353.5
nic,Windows 11,experimento_20260509_123750,18,2026-05-09 12:43:35,41.5,6.44,15.53,209,dwm.exe,353.5
nic,Windows 11,experimento_20260509_123750,19,2026-05-09 12:43:56,40.8,6.34,15.53,207,dwm.exe,353.5
nic,Windows 11,experimento_20260509_123750,20,2026-05-09 12:44:16,40.3,6.26,15.53,206,dwm.exe,353.6
nic,Windows 11,experimento_20260509_123750,21,2026-05-09 12:44:36,40.2,6.25,15.53,205,dwm.exe,353.6
nic,Windows 11,experimento_20260509_123750,22,2026-05-09 12:44:57,40.2,6.24,15.53,204,dwm.exe,353.6
nic,Windows 11,experimento_20260509_123750,23,2026-05-09 12:45:17,39.9,6.19,15.53,200,dwm.exe,353.6
nic,Windows 11,experimento_20260509_123750,24,2026-05-09 12:45:37,39.8,6.18,15.53,199,dwm.exe,353.6
nic,Windows 11,experimento_20260509_123750,25,2026-05-09 12:45:57,39.7,6.17,15.53,198,dwm.exe,353.8
nic,Windows 11,experimento_20260509_123750,26,2026-05-09 12:46:18,40.9,6.35,15.53,215,dwm.exe,353.8
nic,Windows 11,experimento_20260509_123750,27,2026-05-09 12:46:38,40.8,6.33,15.53,214,dwm.exe,353.8
nic,Windows 11,experimento_20260509_123750,28,2026-05-09 12:46:58,40.7,6.32,15.53,213,dwm.exe,353.7
nic,Windows 11,experimento_20260509_123750,29,2026-05-09 12:47:18,39.9,6.2,15.53,200,dwm.exe,353.7
nic,Windows 11,experimento_20260509_123750,30,2026-05-09 12:47:39,39.8,6.19,15.53,197,dwm.exe,353.8
